{
  "project_info": {
    "project_number": "924119794288",
    "firebase_url": "https://dst1-61d5a-default-rtdb.europe-west1.firebasedatabase.app",
    "project_id": "dst1-61d5a",
    "storage_bucket": "dst1-61d5a.appspot.com"
  },
  "client": [
    {
      "client_info": {
        "mobilesdk_app_id": "1:924119794288:android:bb221c8706584e1171aab5",
        "android_client_info": {
          "package_name": "com.example.dst_proj"
        }
      },
      "oauth_client": [],
      "api_key": [
        {
          "current_key": "AIzaSyD6NBurkezFVE3DB2b6c48BgjQjgFuGhIQ"
        }
      ],
      "services": {
        "appinvite_service": {
          "other_platform_oauth_client": []
        }
      }
    }
  ],
  "configuration_version": "1"
}